<?xml version="1.0"?>
<HospitalDB>
  <Appointment>
      <Appointment_ID>11</Appointment_ID>
      <Appointment_Date_Time>2020-12-25</Appointment_Date_Time>
      <Treatment_ID>100</Treatment_ID>
      <Doctor_ID>20</Doctor_ID>
      <Patient_ID>1</Patient_ID>
  </Appointment>
<Appointment>
      <Appointment_ID>12</Appointment_ID>
      <Appointment_Date_Time>2019-03-04</Appointment_Date_Time>
      <Treatment_ID>101</Treatment_ID>
      <Doctor_ID>10</Doctor_ID>
	  <Patient_ID>2</Patient_ID>
  </Appointment>	
</HospitalDB>
