<?xml version="1.0"?>
<HospitalDB>
  <Doctor>
      <Patient_ID>10</Patient_ID>
      <Full_Name>Kayleigh Reynolds</Full_Name>
      <Address>93 Broad Street</Address>
      <Contact_Number>0742312074</Contact_Number>
      <Date_Of_Birth>1965-03-19</Date_Of_Birth>	
      <Gender> Female</Gender>
      <Email_Id> kayleighreynolds@gmail.com</Email_Id>
      <Specialty> Pediatricians</Specialty>
      <Patient_Type>2</Patient_Type>
  </Doctor>
<Doctor>
      <Patient_ID>20</Patient_ID>
      <Full_Name>Douglas Nazario</Full_Name>
      <Address>25 High St</Address>
      <Contact_Number>0781003332</Contact_Number>
      <Date_Of_Birth>1966-08-21</Date_Of_Birth>	
      <Gender> Male</Gender>
      <Email_Id>douglasrnazario@gmail.com</Email_Id>
      <Specialty> Neurologists</Specialty>
      <Experience_Year>1</Experience_Year>
  </Doctor>	
</HospitalDB>
