<?xml version="1.0"?>
<HospitalDB>
  <Patient>
      <Patient_ID>1</Patient_ID>
      <Full_Name>Yasmin Matthews</Full_Name>
      <Address>48 Farburn Terrace</Address>
      <Contact_Number>0708194285</Contact_Number>
      <Date_Of_Birth>1989-02-12</Date_Of_Birth>	
      <Gender> Female</Gender>
      <Email_Id> yasminmatthews@gmail.com</Email_Id>
      <Health_History> Childhood illnesses</Health_History>
      <Patient_Type> Out Patient</Patient_Type>
  </Patient>
<Patient>
      <Patient_ID>2</Patient_ID>
      <Full_Name>Michael Lever</Full_Name>
      <Address>53 Simone Weil Avenue</Address>
      <Contact_Number>0777150148</Contact_Number>
      <Date_Of_Birth>1983-01-17</Date_Of_Birth>	
      <Gender> Male</Gender>
      <Email_Id> michaelalever@gmail.com</Email_Id>
      <Health_History> Allergies</Health_History>
      <Patient_Type> In Patient</Patient_Type>
  </Patient>	
</HospitalDB>
