<?xml version="1.0"?>
<HospitalDB>
  <Prescription>
      <Prescription_ID>1</Prescription_ID>
      <Medicine_Name>Ultrasonic Mesh Nebulize</Medicine_Name>
      <Quantity>10</Quantity>
      <Total_Price>99.00</Total_Price>
      <Appointment_ID>13</Appointment_ID>
  </Prescription>
<Prescription>
      <Prescription_ID>2</Prescription_ID>
      <Medicine_Name>Acuprin Tablet</Medicine_Name>
      <Quantity>20</Quantity>
      <Total_Price>25.60</Total_Price>
	  <Appointment_ID>11</Appointment_ID>
  </Prescription>	
</HospitalDB>
