<?xml version="1.0"?>
<HospitalDB>
  <Doctor>
      <Treatment_ID>100</Treatment_ID>
      <Treatment_Desc>Self care and bronchodilators</Treatment_Desc>
      <Treatment_Days>52</Treatment_Days>
      <Diseases>Asthma</Diseases>
  </Doctor>
<Doctor>
      <Treatment_ID>101</Treatment_ID>
      <Treatment_Desc>Treatment consists of immunosuppressants</Treatment_Desc>
      <Treatment_Days>220</Treatment_Days>
      <Diseases>Rheumatoid Arthritis</Diseases>
  </Doctor>	
</HospitalDB>
